{"0": [35.516895, 24.901304, 96.999344, 68.49683, 48.89833],
"1": [31.859493, 20.109327, 39.862465, 24.293776, 41.819057],
"2": [25.553062, 92.525444, 13.242529, 0.9485007, 35.31561],
"3": [21.051952, 64.686165, 45.524635, 84.04111, 28.89458],
"4": [18.298002, 93.81107, 94.018585, 34.344868, 86.65705],
"5": [8.248621, 31.201195, 30.551579, 22.778091, 32.013187],
"6": [50.928917, 5.271943, 75.85758, 20.50109, 24.934927],
"7": [81.589294, 22.56739, 7.930232, 52.250988, 49.522083],
"8": [23.826258, 71.9997, 95.78736, 20.265596, 97.70139],
"9": [85.42919, 53.647934, 49.74909, 17.940376, 72.20358],
}